# Mots courants hors listes HSK, avec le pinyin des manuels (ton neutre noté 5).
# Même format que lexique_hsk.tsv : mot<TAB>pinyin numérique. Ajoute ici tes propres mots.
外面	wai4mian5
下面	xia4mian5
上面	shang4mian5
里面	li3mian5
东边	dong1bian5
西边	xi1bian5
南边	nan2bian5
北边	bei3bian5
这儿	zhe4r5
那儿	na4r5
这里	zhe4li3
那里	na4li3
早饭	zao3fan4
白色	bai2se4
晴天	qing2tian1
阴天	yin1tian1
今年	jin1nian2
明年	ming2nian2
后天	hou4tian1
星期天	xing1qi1tian1
大学	da4xue2
北京大学	Bei3jing1 Da4xue2
白天	bai2tian1
春天	chun1tian1
夏天	xia4tian1
秋天	qiu1tian1
冬天	dong1tian1
门口	men2kou3
马路	ma3lu4
钱包	qian2bao1
短信	duan3xin4
好听	hao3ting1
开心	kai1xin1
看法	kan4fa3
上课	shang4ke4
下课	xia4ke4
下班	xia4ban1
搬家	ban1jia1
出门	chu1men2
头疼	tou2teng2
网上	wang3shang4
男人	nan2ren2
学生们	xue2sheng5men5
孩子们	hai2zi5men5
汉字	Han4zi4
足球	zu2qiu2
车站	che1zhan4
请问	qing3wen4
有点儿	you3dian3r5
走路	zou3lu4
法国	Fa3guo2
春节	Chun1jie2
小明	Xiao3ming2
小白	Xiao3bai2
画画	hua4hua4
看起来	kan4 qi3lai5
起来	qi3lai5
站起来	zhan4 qi3lai5
一些	yi4xie1
这些	zhe4xie1
那些	na4xie1
哪些	na3xie1
每天	mei3tian1
那个	na4ge5
这个	zhe4ge5
哪个	na3ge5
他们	ta1men5
她们	ta1men5
你们	ni3men5
它们	ta1men5
写作业	xie3 zuo4ye4
慢慢	man4man4
看看	kan4kan5
走走	zou3zou5
想想	xiang3xiang5
试试	shi4shi5
上去	shang4qu5
下去	xia4qu5
出来	chu1lai5
出去	chu1qu5
进来	jin4lai5
进去	jin4qu5
回来	hui2lai5
回去	hui2qu5
